{
  "run_id": "matchup_lgbm_tuned__20260319T002624Z",
  "params": {
    "num_leaves": 63,
    "learning_rate": 0.03,
    "feature_fraction": 0.7,
    "bagging_fraction": 0.7,
    "min_data_in_leaf": 30,
    "n_estimators": 800
  },
  "cv": {
    "folds": [
      {
        "fold_test_seasons": [
          2022
        ],
        "accuracy": 0.5674897119341564,
        "log_loss": 0.6790700113913936
      },
      {
        "fold_test_seasons": [
          2023
        ],
        "accuracy": 0.5604938271604938,
        "log_loss": 0.6817991749877337
      },
      {
        "fold_test_seasons": [
          2024
        ],
        "accuracy": 0.5516673528200906,
        "log_loss": 0.6847035870038527
      }
    ],
    "avg_accuracy": 0.559883630638247,
    "avg_log_loss": 0.68185759112766
  },
  "holdout": {
    "season": 2025,
    "accuracy": 0.5522633744855967,
    "log_loss": 0.6877922765369355
  }
}