{
  "run_id": "matchup_lgbm_baseline__20260319T002556Z",
  "params": {},
  "cv": {
    "folds": [
      {
        "fold_test_seasons": [
          2022
        ],
        "accuracy": 0.562962962962963,
        "log_loss": 0.6804317207046342
      },
      {
        "fold_test_seasons": [
          2023
        ],
        "accuracy": 0.5646090534979424,
        "log_loss": 0.6809871761831924
      },
      {
        "fold_test_seasons": [
          2024
        ],
        "accuracy": 0.5508439687114038,
        "log_loss": 0.6852294230441373
      }
    ],
    "avg_accuracy": 0.5594719950574364,
    "avg_log_loss": 0.6822161066439879
  },
  "holdout": {
    "season": 2025,
    "accuracy": 0.5576131687242798,
    "log_loss": 0.6859626667195177
  }
}